{
  "name": "zack-time",
  "version": "0.1.0",
  "author": "Zack Smith",
  "summary": "",
  "license": "Apache-2.0",
  "source": "",
  "dependencies": [
    {"name":"tse-winntp","version_requirement":">= 1.0.0"},
    {"name":"puppetlabs-ntp","version_requirement":">= 4.2.0"}
  ],
  "operatingsystem_support": [
    {
      "operatingsystem": "CentOS",
      "operatingsystemrelease": [
        "7"
      ]
    },
    {
      "operatingsystem": "OracleLinux",
      "operatingsystemrelease": [
        "7"
      ]
    },
    {
      "operatingsystem": "RedHat",
      "operatingsystemrelease": [
        "7"
      ]
    },
    {
      "operatingsystem": "Scientific",
      "operatingsystemrelease": [
        "7"
      ]
    },
    {
      "operatingsystem": "windows",
      "operatingsystemrelease": [
        "2008 R2",
        "2012 R2",
        "10"
      ]
    }
  ],
  "requirements": [
    {
      "name": "puppet",
      "version_requirement": ">= 4.7.0 < 6.0.0"
    }
  ],
  "pdk-version": "1.6.0",
  "template-url": "file:///opt/puppetlabs/pdk/share/cache/pdk-templates.git",
  "template-ref": "1.6.0-0-gf5564c0"
}
